elapsed_s,cpu_time_s,rss_bytes,uss_bytes,threads
0.007844352999995863,10.91,1217077248,1212829696,15
0.21760471599998255,11.27,1237491712,1233252352,17
0.4332010559999162,11.690000000000001,1256071168,1251258368,17
0.6434693799999422,12.16,1265938432,1261699072,17
0.8515547799999013,12.58,1267634176,1263058944,17
1.0616705950000096,13.03,1277194240,1272971264,17
1.2699310279999736,13.5,1281269760,1277018112,17
1.4779087199999594,13.93,1281478656,1277227008,17
1.6863362459999962,14.35,1309368320,1305116672,17
1.8979512489999024,14.879999999999999,1319485440,1315233792,17
2.107116620999932,15.299999999999999,1319485440,1315233792,17
2.3156135709999717,15.73,1319616512,1315364864,17
2.5242632160000085,16.15,1319616512,1315344384,17
2.7355994549999423,16.59,1349132288,1344909312,23
2.9445890319999535,17.060000000000002,1348993024,1344741376,17
3.1533438459999843,17.48,1348993024,1344753664,17
3.36154790899991,17.91,1348993024,1344753664,17
3.5709350669999367,18.349999999999998,1334747136,1330507776,17
3.7794498009999415,18.830000000000002,1342128128,1337888768,17
3.987894338999922,19.259999999999998,1342128128,1337905152,17
4.196334098999955,19.69,1342128128,1337905152,17
4.405004566999992,20.11,1345667072,1373827072,17
4.616995840999948,20.65,1352839168,1348587520,17
4.829317461999949,21.080000000000002,1352839168,1348587520,17
5.041419227000006,21.509999999999998,1352839168,1348587520,17
5.251048125000011,21.939999999999998,1372172288,1367920640,17
5.459472036999955,22.46,1353117696,1348866048,17
5.66781274799996,22.89,1353121792,1348870144,17
5.87614637799993,23.299999999999997,1353121792,1348849664,17
6.084486233000007,23.73,1353121792,1348849664,17
6.305879957999991,24.189999999999998,1356660736,1384771584,17
6.526866238999901,24.740000000000002,1357053952,1352814592,17
6.73623373800001,25.17,1357053952,1352814592,17
6.944998768000005,25.6,1357053952,1352814592,17
7.153692681999928,26.020000000000003,1357053952,1352814592,17
7.362519555999938,26.45,1364131840,1359908864,17
7.571281763000002,26.95,1364254720,1360003072,17
7.779791608999972,27.38,1364254720,1360003072,17
7.98833192099994,27.799999999999997,1364254720,1360003072,17
8.200164456999914,28.23,1383587840,1379336192,17
8.410213145999933,28.75,1357242368,1352990720,17
8.621704894999993,29.18,1357242368,1352990720,17
8.830593975999932,29.599999999999998,1357242368,1352990720,17
9.039644729999964,30.029999999999998,1369497600,1365245952,17
9.249505365999994,30.56,1353695232,1349423104,17
9.458201500999962,30.979999999999997,1353695232,1349451776,17
9.666767995999976,31.41,1353695232,1349455872,17
9.875246392999998,31.830000000000002,1358872576,1354633216,17
10.086240675999989,32.44,1357266944,1353027584,17
10.295164334999981,32.86,1357266944,1353043968,17
10.503432373999999,33.28,1357266944,1353043968,17
10.714272550999908,33.72,1357434880,1353211904,17
10.922937288999947,34.14,1357434880,1353211904,17
11.132507271000009,34.57,1357434880,1353211904,17
11.341172195000013,35.0,1415929856,1411706880,17
11.550486266000007,35.43,1396420608,1392168960,24
11.76207229399995,35.9,1399971840,1395720192,24
11.970645299000012,36.32,1399971840,1395720192,24
12.179729414999997,36.75,1399971840,1395720192,24
12.38893025199991,37.25,1406824448,1402552320,24
12.598589500000003,37.69,1406824448,1402552320,24
12.81138238199992,38.12,1406824448,1402572800,24
13.021236908999981,38.629999999999995,1407160320,1402908672,24
13.230209039999977,39.07,1407160320,1402908672,24
13.438902081999913,39.489999999999995,1407176704,1402937344,24
13.648528730999942,39.92,1407176704,1402937344,24
13.861332237999932,40.400000000000006,1417183232,1413070848,28
14.069877657000006,40.87,1417125888,1412886528,24
14.278652320999981,41.29,1417125888,1412902912,24
14.491871695999976,41.73,1417125888,1412902912,24
14.702564861999917,42.17,1417125888,1412902912,24
14.911690420000014,42.79,1420980224,1416757248,24
15.120307135999951,43.2,1420980224,1416757248,24
15.328743139999915,43.629999999999995,1420980224,1416757248,24
15.537696439000001,44.06,1421004800,1416781824,24
15.746676102999913,44.49,1421004800,1416781824,24
15.955424497999957,44.91,1421004800,1416781824,24
16.168205330999967,45.339999999999996,1465888768,1461620736,24
16.377474760999917,45.78,1438572544,1434300416,24
16.58682145299997,46.290000000000006,1446436864,1442164736,24
16.796537169999965,46.71,1446436864,1442185216,24
17.005901082999912,47.15,1446436864,1442185216,24
17.2150837879999,47.64,1450123264,1445871616,24
17.423613162999914,48.08,1450123264,1445871616,24
17.632733006999956,48.5,1450123264,1445871616,24
17.841474866999988,49.0,1450254336,1446002688,24
18.05146600599994,49.46,1450254336,1446002688,24
18.28108195899995,49.940000000000005,1450254336,1446002688,24
18.491093646999957,50.37,1450254336,1446014976,24
18.701012354,50.8,1461145600,1456906240,24
18.91024215899995,51.3,1464721408,1460482048,24
19.122403856999995,51.74,1464721408,1460498432,24
19.331008259999976,52.16,1464721408,1460498432,24
19.54470895700001,52.61,1464815616,1460514816,35
19.754758208999988,53.17,1465069568,1460846592,24
19.963771378999922,53.589999999999996,1465069568,1460846592,24
20.17287111899998,54.019999999999996,1465069568,1460846592,24
20.381590760999984,54.45,1465069568,1460846592,24
20.59083185399993,54.87,1465069568,1460846592,24
20.802428968999948,55.31,1429151744,1424900096,24
21.01132681499996,55.8,1430310912,1426059264,24
21.222324766999918,56.25,1430310912,1426038784,24
21.431687873999977,56.68,1430310912,1426038784,24
21.64201849999995,57.14,1454727168,1450487808,32
21.851770302999967,57.61,1454559232,1450307584,24
22.06168349899997,58.05,1454559232,1450307584,24
22.271967684999936,58.480000000000004,1454559232,1450307584,24
22.482281239999907,59.0,1454567424,1450315776,24
22.691335531999925,59.43,1454567424,1450315776,24
22.900444214999993,59.86,1454567424,1450328064,24
23.113040591999948,60.3,1466232832,1461993472,24
23.321801541000013,60.81,1466232832,1461993472,24
23.53108043599991,61.24,1466232832,1462009856,24
23.740230100999952,61.66,1466232832,1462009856,24
23.950165754999944,62.099999999999994,1466232832,1462009856,24
24.159656563,62.68000000000001,1466232832,1462009856,24
24.369168983999998,63.11,1466232832,1462009856,24
24.578193995999982,63.54,1466232832,1462009856,24
24.78728731000001,63.97,1466232832,1462009856,24
24.99631333299999,64.39,1466232832,1462009856,24
25.205699288999995,64.83,1451581440,1447329792,24
25.415636063999955,65.31,1451646976,1447395328,24
25.626147224999954,65.8,1451646976,1447374848,24
25.835823077999976,66.22,1451646976,1447374848,24
26.047357010999917,66.66,1451646976,1447395328,24
26.257118571999968,67.16,1454669824,1450418176,24
26.467645742999935,67.59,1454669824,1450418176,24
26.677028547999953,68.02,1454669824,1450418176,24
26.885801990000004,68.53999999999999,1454669824,1450418176,24
27.09896894999997,68.97,1454669824,1450418176,24
27.311647902999994,69.41,1454669824,1450430464,24
27.520703675999926,69.83,1454669824,1450430464,24
27.730565175999914,70.37,1466359808,1462120448,24
27.94011108199993,70.80000000000001,1466359808,1462120448,24
28.148842394999974,71.22,1466359808,1462136832,24
28.35879550499999,71.64999999999999,1466359808,1462136832,24
28.568038279999996,72.24,1466626048,1462403072,24
28.777623845999983,72.67,1466626048,1462403072,24
28.986895087999983,73.1,1466626048,1462403072,24
29.196570659999907,73.52,1466626048,1462403072,24
29.40594139199993,73.96000000000001,1466626048,1462403072,24
29.614948505999905,74.37,1466626048,1462403072,24
29.82418746399992,74.81,1488658432,1484435456,24
30.056179896999993,75.31,1430716416,1426444288,24
30.272253449000004,75.75,1430736896,1426464768,24
30.48128004199998,76.22,1431064576,1426812928,24
30.690248217999965,76.64,1431064576,1426812928,24
30.899679601000003,77.07,1455321088,1451069440,24
31.109545419999904,77.58,1455321088,1451069440,24
31.318587417000003,78.0,1455321088,1451069440,24
31.528154686999983,78.42999999999999,1455321088,1451069440,24
31.7402222689999,78.94999999999999,1455423488,1451171840,24
31.94895249000001,79.38,1455423488,1451184128,24
32.1579256519999,79.81,1455423488,1451184128,24
32.36704745299994,80.24,1455423488,1451184128,24
32.57594977399992,80.74,1470443520,1466204160,24
32.78532204299995,81.17999999999999,1470443520,1466220544,24
32.99414939600001,81.6,1470443520,1466220544,24
33.20306184099991,82.03,1470443520,1466220544,24
33.415032537,82.53,1471066112,1466843136,41
33.623908006999955,83.02,1470832640,1466609664,24
33.83362815999999,83.45,1470832640,1466609664,24
34.04382800600001,83.88,1470832640,1466609664,24
34.25628533999998,84.31,1470832640,1466609664,24
34.469014417999915,84.75999999999999,1477246976,1473024000,24
34.68348719400001,85.19000000000001,1456156672,1451884544,24
34.89547343300001,85.61000000000001,1464606720,1460334592,24
35.10489338399998,86.05,1464606720,1460355072,24
35.314821619999975,86.47,1464606720,1460355072,24
35.524231740000005,86.89999999999999,1464606720,1460355072,24
35.733678865,87.33,1464606720,1460355072,24
35.943693671999995,87.76,1464606720,1460355072,24
36.15362983499995,88.19,1465475072,1461223424,24
36.363667290999956,88.58999999999999,1465475072,1461223424,24
36.5770386019999,89.04,1474248704,1470017536,24
36.78602195899998,89.46,1480273920,1476034560,24
36.99631036299991,89.89,1483288576,1479049216,24
37.205745399999955,90.32000000000001,1486303232,1482063872,24
37.41745953399993,90.73,1486303232,1482080256,24
37.627612874999954,91.15,1492328448,1488105472,24
37.84046709699999,91.59,1492328448,1488105472,24
38.053132123999944,92.01,1492328448,1488105472,24
38.266707733999965,92.45,1559408640,1555161088,24
38.47674001600001,92.87,1538609152,1530499072,24
38.686765893999905,93.31,1511718912,1507495936,24
38.90464501700001,93.82000000000001,1525424128,1521201152,24
39.12104435899994,94.27000000000001,1525424128,1521201152,24
39.336893531999976,94.72,1525424128,1521152000,24
39.547171900999956,95.17,1525489664,1521217536,24
39.75943309999991,95.61000000000001,1525489664,1521217536,24
39.968986757999915,96.03999999999999,1525489664,1521238016,24
40.17828439899995,96.55000000000001,1525555200,1521303552,24
40.38761531599994,96.97,1525555200,1521303552,24
40.596621583,97.39,1525555200,1521303552,24
40.81906113299999,97.89,1525755904,1521561600,27
41.02914905,98.35,1525616640,1521364992,24
41.23857081400001,98.78,1525616640,1521364992,24
41.44957058099999,99.19999999999999,1525616640,1521377280,24
41.65903111299997,99.63,1525616640,1521377280,24
41.86850170499997,100.16,1539842048,1535602688,24
42.07913897599997,100.59,1539842048,1535619072,24
42.29081707599994,101.02,1539842048,1535619072,24
42.500655491999964,101.45,1539842048,1535619072,24
42.710942769999974,101.89,1539842048,1535619072,24
42.92038987199999,102.47,1539842048,1535619072,24
43.130810811999936,102.91,1539842048,1535619072,24
43.34143058099994,103.33999999999999,1539842048,1535619072,24
43.55247338799995,103.77,1539842048,1535619072,24
43.765385142000014,104.21000000000001,1539842048,1535619072,24
43.97799143999998,104.64,1539842048,1535619072,24
44.18821570099999,105.08000000000001,1507459072,1503186944,24
44.40550000299993,105.56,1507913728,1503641600,24
44.62574750099998,106.0,1507913728,1503662080,24
44.83863809799993,106.44,1507913728,1503662080,24
45.05133299499994,106.9,1511260160,1507008512,24
45.26213592399995,107.34,1511260160,1507008512,24
45.47138583200001,107.75999999999999,1511260160,1507008512,24
45.68314439699998,108.28,1519329280,1515077632,24
45.89588305500001,108.71,1519329280,1515077632,24
46.105311565999955,109.14,1519329280,1515077632,24
46.31715310199991,109.67,1519329280,1515089920,24
46.53044114699992,110.1,1519329280,1515089920,24
46.73986641499994,110.53,1519329280,1515089920,24
46.94935242299994,110.96,1519329280,1515089920,24
47.16720772499991,111.46,1543823360,1539657728,24
47.37730163499998,111.92,1543716864,1539465216,24
47.586755058999984,112.35,1543716864,1539465216,24
47.796869399,112.78,1543716864,1539465216,24
48.006584868999994,113.34,1543716864,1539465216,24
48.215767555999946,113.8,1543716864,1539465216,24
48.42578469499995,114.23,1543716864,1539465216,24
48.63612174100001,114.66,1543716864,1539465216,24
48.85104659299998,115.11,1543716864,1539465216,24
49.06146848200001,115.54,1553670144,1549398016,24
49.27947733299993,116.05,1511444480,1507221504,24
49.489491402,116.49000000000001,1511444480,1507205120,24
49.702579675999914,116.91999999999999,1511444480,1507205120,24
49.91571603199998,117.35,1511444480,1507205120,24
50.12519491499995,117.78999999999999,1511444480,1507221504,24
50.33713053099996,118.22,1511444480,1507221504,24
50.548000670999954,118.66,1553780736,1549557760,24
50.75820663999991,119.22,1511575552,1507352576,24
50.96757762499999,119.64999999999999,1511575552,1507352576,24
51.17711475599992,120.08,1511575552,1507352576,24
51.38676134100001,120.51,1511575552,1507352576,24
51.59757553700001,120.94,1511575552,1507352576,24
51.80836710699998,121.37,1511575552,1507352576,24
52.03812990999995,121.89,1511575552,1507332096,24
52.258877413999926,122.39999999999999,1511575552,1507332096,24
52.50802730199996,122.91,1511575552,1507303424,24
52.766046179,123.44999999999999,1511575552,1507323904,24
52.98275501499995,123.9,1511575552,1507323904,24
53.19354527899998,124.32,1511575552,1507323904,24
53.403535106999925,124.75,1511575552,1507323904,24
53.61443160099998,125.19000000000001,1511575552,1507323904,24
53.82504840499996,125.62,1519570944,1515319296,24
54.034161044999905,126.11,1519570944,1515319296,24
54.24405470199997,126.54,1519570944,1515319296,24
54.45442175799997,126.98,1519570944,1515331584,24
54.667238989,127.5,1519570944,1515331584,24
54.88434793299996,127.95,1519570944,1515331584,24
55.094202336999956,128.38,1519570944,1515331584,24
55.303649716999985,128.81,1519570944,1515347968,24
55.51348636899991,129.25,1543958528,1539706880,24
55.72321157299996,129.75,1543958528,1539706880,24
55.93299948599997,130.18,1543958528,1539706880,24
56.142490109999926,130.61,1543958528,1539706880,24
56.352140245999976,131.03,1543958528,1539706880,24
56.56662050399996,131.59,1543958528,1539706880,24
56.77622588199995,132.02,1543958528,1539706880,24
56.98567714799992,132.45000000000002,1543962624,1539710976,24
57.19702694599994,132.89,1543962624,1539690496,24
57.41185708899991,133.32,1544159232,1539862528,24
57.62325651200001,133.75,1552379904,1548132352,28
57.836857142999975,134.23,1557618688,1553379328,24
58.050056208,134.67,1557618688,1553379328,24
58.263171126999964,135.1,1557618688,1553395712,24
58.47629976600001,135.54000000000002,1557618688,1553395712,24
58.689113059999954,135.99,1557618688,1553395712,24
58.90261072499993,136.42,1557626880,1553403904,24
59.115828609000005,136.84,1557626880,1553403904,24
59.32907438500001,137.29,1557626880,1553403904,24
59.542051786,137.73,1557626880,1553403904,24
59.75511948600001,138.16,1557626880,1553403904,24
59.96769058699999,138.59,1557626880,1553403904,24
60.18097235999994,139.03,1557626880,1553403904,24
60.39418423699999,139.47,1557626880,1553383424,24
60.607390865999946,139.88000000000002,1557626880,1553383424,24
60.82139933399992,140.32,1592074240,1587851264,24
61.03475836299992,140.75,1588535296,1584312320,24
61.25654606799992,141.28,1535651840,1531428864,24
61.49732809499994,141.81,1535651840,1531428864,24
61.73213513799999,142.28,1535651840,1531428864,24
61.95488387199998,142.75,1535651840,1531428864,24
62.19359480999992,143.23,1535651840,1531428864,24
62.41558024299991,143.71,1535651840,1531400192,24
62.62626543299996,144.14,1535651840,1531400192,24
62.83683379599995,144.56,1535651840,1531400192,24
63.04712443899996,144.99,1535651840,1531400192,24
63.25753357999997,145.5,1535651840,1531400192,24
63.470770605999974,145.92999999999998,1535651840,1531400192,24
63.683892767999964,146.37,1535651840,1531400192,24
63.897282562999976,146.91000000000003,1535651840,1531400192,24
64.1104723169999,147.35,1535651840,1531400192,24
64.32319311399999,147.78,1535651840,1531412480,24
64.53270192899993,148.20999999999998,1535651840,1531412480,24
64.74262249799995,148.72,1549574144,1545334784,24
64.95260091,149.15,1549574144,1545334784,24
65.16270871699999,149.58,1549574144,1545351168,24
65.37351036099994,150.01999999999998,1549574144,1545351168,24
65.58330376499998,150.65,1549565952,1545342976,24
65.79239045399993,151.08,1549565952,1545342976,24
66.0017261669999,151.51,1549565952,1545342976,24
66.21531964499991,151.95,1549565952,1545342976,24
66.42762010799993,152.38,1549565952,1545342976,24
66.63991365599998,152.81,1549565952,1545342976,24
66.85067459899994,153.25,1566597120,1562374144,24
67.06090558299991,153.69,1517182976,1512931328,24
67.28136537499995,154.17,1517207552,1512935424,24
67.50387799399994,154.63000000000002,1517207552,1512935424,24
67.73215667599993,155.1,1517207552,1512955904,24
67.96685599799991,155.57,1517207552,1512955904,24
68.18465514799993,156.01999999999998,1517207552,1512955904,24
68.402719994,156.49,1517301760,1513132032,28
68.61208113099997,156.89,1517215744,1512964096,24
68.82103244999996,157.32999999999998,1517215744,1512964096,24
69.03066265199993,157.76,1525211136,1520971776,24
69.23986332599998,158.25,1525211136,1520971776,24
69.45443414299996,158.7,1525211136,1520971776,24
69.66405266799995,159.12,1525211136,1520971776,24
69.8733262579999,159.64999999999998,1525211136,1520988160,24
70.0844578729999,160.08,1525211136,1520988160,24
70.29461944799993,160.51999999999998,1525211136,1520988160,24
70.50497054599998,160.95,1525211136,1520988160,24
70.71695160399997,161.48,1549598720,1545347072,24
70.92947908499991,161.91,1549598720,1545347072,24
71.13907538699993,162.34,1549598720,1545347072,24
71.348463605,162.76999999999998,1549598720,1545347072,24
71.55808207899997,163.39,1549598720,1545347072,24
71.76791990499999,163.81,1549598720,1545326592,24
71.98066655599996,164.25,1549598720,1545326592,24
72.19045926399997,164.69,1549598720,1545326592,24
72.40034069499995,165.10999999999999,1549598720,1545347072,24
72.610700598,165.54,1559552000,1555312640,24
72.8318625789999,166.02,1517465600,1513181184,41
73.04320620399994,166.51999999999998,1517248512,1513009152,24
73.25572342999999,166.96,1517248512,1513009152,24
73.46848473299997,167.39000000000001,1517248512,1513025536,24
73.67792878499995,167.82999999999998,1517248512,1513025536,24
73.888728141,168.25,1517248512,1513025536,24
74.11524876099998,168.78,1517293568,1513234432,27
74.32446313699995,169.23,1517248512,1513025536,24
74.53666921299998,169.66,1517248512,1513025536,24
74.74626337099994,170.1,1517248512,1513025536,24
74.95557896899993,170.52,1517248512,1513025536,24
75.165408522,170.96,1538646016,1534128128,24
75.3747666239999,171.57,1517248512,1513005056,24
75.5860664139999,172.0,1517248512,1513005056,24
75.79868145299997,172.44,1517248512,1512996864,24
76.01130605999992,172.87,1517248512,1512996864,24
76.22186666899995,173.29999999999998,1517248512,1512996864,24
76.43463998499999,173.74,1517248512,1512996864,24
76.65372532699996,174.24,1517248512,1512996864,24
76.87520329799997,174.76,1517248512,1512996864,24
77.11047495399998,175.19,1517248512,1512996864,24
77.38596511999992,175.8,1517248512,1512996864,24
77.61136860099998,176.26,1517248512,1512996864,24
77.83866194299992,176.72,1517248512,1513009152,24
78.06455317099994,177.19,1517248512,1513009152,24
78.28835574799996,177.64999999999998,1517248512,1513009152,24
78.50496701899999,178.1,1517252608,1513181184,24
78.71649757699993,178.51,1517248512,1512996864,24
78.92772753099996,178.94,1517248512,1512996864,24
79.13759820399991,179.38000000000002,1525243904,1512996864,24
79.347626376,179.88,1525243904,1520992256,24
79.557036445,180.31,1525243904,1520992256,24
79.766567646,180.74,1525243904,1520992256,24
79.9786338209999,181.25,1525243904,1520992256,24
80.18814741699998,181.69,1525243904,1520992256,24
80.39700451099998,182.13,1525243904,1520992256,24
80.609507796,182.56,1525243904,1521000448,24
80.82388354499994,182.98999999999998,1549668352,1545388032,32
81.03330106499993,183.48,1549631488,1545392128,24
81.24230040399993,183.91000000000003,1549631488,1545392128,24
81.45173917699992,184.33,1549631488,1545408512,24
81.66447655899992,184.77,1549631488,1545408512,24
81.87770862299999,185.39,1549615104,1545392128,24
82.087764526,185.81,1549615104,1545392128,24
82.29765363799993,186.25,1549615104,1545392128,24
82.50709877999998,186.67,1549615104,1545392128,24
82.71666140899993,187.09,1549615104,1545392128,24
82.9267364609999,187.53,1549615104,1545392128,24
83.13645378299998,187.97,1517240320,1512988672,24
83.34541590699996,188.43,1521057792,1516806144,24
83.55583934399999,188.85999999999999,1521057792,1516785664,24
83.76592748299993,189.29,1521057792,1516785664,24
83.97505383299995,189.71,1521057792,1516806144,24
84.184173923,190.14,1521057792,1516806144,24
84.39364690699995,190.57,1521057792,1516806144,24
84.60332737499994,190.99,1521057792,1516806144,24
84.81320887799995,191.42,1521057792,1516806144,24
85.02229232299999,191.84,1521057792,1516806144,24
85.23169257199993,192.27,1521057792,1516818432,24
85.44091753099997,192.7,1526620160,1522380800,24
85.65035104599997,193.13,1532309504,1528070144,24
85.86104537799997,193.55,1532309504,1528086528,24
86.07028772899992,193.97,1532309504,1528086528,24
86.28243540099993,194.38,1532309504,1528086528,24
86.4926996879999,194.81,1573392384,1569169408,24
86.70232564899993,195.24,1566445568,1562222592,24
86.91285916799995,195.68,1566445568,1562222592,24
87.12436838399992,196.26,1521139712,1516916736,24
87.33686740799999,196.71,1521139712,1516916736,24
87.55278666699996,197.14000000000001,1521139712,1516916736,24
87.76397582899995,197.57999999999998,1521139712,1516916736,24
87.97360527000001,198.01000000000002,1521139712,1516896256,24
88.18305022099992,198.44,1563475968,1559232512,24
88.39246073099991,199.01999999999998,1537064960,1532841984,24
88.60149536199992,199.45000000000002,1537064960,1532841984,24
88.81352805999995,199.89,1537064960,1532841984,24
89.02381984399995,200.32,1537064960,1532841984,24
89.23321574199997,200.75,1537064960,1532841984,24
89.44312514599994,201.17000000000002,1577263104,1565405184,24
89.65258675099994,201.77,1537064960,1532841984,24
89.86269856699994,202.21,1537064960,1532841984,24
90.07220188499991,202.64,1537064960,1532841984,24
90.28162777599994,203.07,1537064960,1532841984,24
90.49082562399997,203.49,1537064960,1532841984,24
90.70434767099994,203.97,1537069056,1532846080,24
90.92526167199992,204.48,1537069056,1532846080,24
91.13886404999994,204.92,1537077248,1532854272,24
91.35256386499998,205.36,1537077248,1532854272,24
91.56828708,205.8,1537077248,1532854272,24
91.79719432599995,206.26999999999998,1537077248,1532854272,24
92.04024402999994,206.74,1537077248,1532854272,24
92.27529767699991,207.25,1537077248,1532854272,24
92.49377606399992,207.7,1537077248,1532854272,24
92.70550336299993,208.12,1537081344,1532829696,24
92.91718331499999,208.54999999999998,1537146880,1532895232,24
93.12929603499992,208.98999999999998,1537146880,1532895232,24
93.34221428599994,209.43,1537146880,1532895232,24
93.55876579699998,209.93,1537146880,1532895232,24
93.76902464299997,210.37,1537146880,1532895232,24
93.97976561600001,210.79999999999998,1537146880,1532895232,24
94.19782153199992,211.28,1537302528,1533042688,30
94.40730227299991,211.76,1537146880,1532895232,24
94.61711679799998,212.19,1537146880,1532895232,24
94.82740039099997,212.62,1537146880,1532907520,24
95.03733970899998,213.06,1553604608,1549365248,24
95.24746708099997,213.57,1553612800,1549373440,24
95.45809719699992,214.0,1553612800,1549373440,24
95.66842839200001,214.43,1553612800,1549389824,24
95.87821192000001,214.86,1553612800,1549389824,24
96.08822918099997,215.29,1553612800,1549389824,24
96.29853118099993,215.85,1553682432,1549459456,24
96.51252222899996,216.29,1553682432,1549459456,24
96.723166687,216.72,1553682432,1549459456,24
96.93434974599995,217.15,1553682432,1549459456,24
97.14447051899992,217.57999999999998,1553682432,1549459456,24
97.35395107399995,218.0,1553682432,1549459456,24
97.56394973199997,218.43,1569939456,1564794880,24
97.77311417599992,218.95,1521324032,1517051904,24
97.98308046,219.38,1521324032,1517051904,24
98.1956166729999,219.81,1521324032,1517072384,24
98.40517032799994,220.25,1521324032,1517072384,24
98.61448234599993,220.67,1521324032,1517072384,24
98.82423610899991,221.1,1521324032,1517072384,24
99.03366114599999,221.53,1563660288,1559408640,24
99.256185856,222.09,1521324032,1517072384,24
99.47539644899996,222.54000000000002,1521324032,1517072384,24
99.69490710599996,222.98000000000002,1521324032,1517084672,24
99.94441261700001,223.5,1521324032,1517084672,24
100.17513910599996,223.97000000000003,1521324032,1517084672,24
100.3956483469999,224.42000000000002,1521324032,1517101056,24
100.617234499,224.87,1521324032,1517101056,24
100.83527421499991,225.32,1521324032,1517101056,24
101.05034158399997,225.76,1521324032,1517072384,24
101.26327051299995,226.19,1521307648,1517056000,24
101.476129066,226.62,1521307648,1517056000,24
101.68676094399996,227.06,1521307648,1517056000,24
101.89673418500001,227.57,1529311232,1525059584,24
102.10919432200001,228.01,1529311232,1525059584,24
102.31974367099997,228.44,1529311232,1525039104,24
102.531173093,228.92999999999998,1529311232,1525039104,24
102.74088302099995,229.38,1529311232,1525039104,24
102.95502416900001,229.82000000000002,1529311232,1525059584,24
103.16624698399994,230.26,1529311232,1525071872,24
103.37623680999991,230.67,1529311232,1525071872,24
103.58761367699992,231.2,1553698816,1549459456,24
103.798774729,231.64000000000001,1553698816,1549475840,24
104.00812084799998,232.07,1553698816,1549475840,24
104.21797422299994,232.5,1553698816,1549475840,24
104.42751307899994,233.10999999999999,1553698816,1549475840,24
104.64025906099994,233.54000000000002,1553698816,1549475840,24
104.8504489579999,233.98,1553698816,1549475840,24
105.06053027199994,234.39999999999998,1553698816,1549475840,24
105.275038623,234.85000000000002,1553698816,1549475840,24
105.48511375699991,235.28,1553698816,1549475840,24
105.69740212900001,235.72,1553698816,1549475840,24
105.90734963099999,236.15,1553698816,1549455360,24
106.11761899800001,236.57,1570729984,1566486528,24
106.3302156709999,237.04,1539936256,1535655936,24
106.53985222799997,237.57,1539997696,1535746048,24
106.74920953999992,238.01000000000002,1539997696,1535746048,24
106.95963507199997,238.44,1539997696,1535746048,24
107.16990230599993,238.87,1539997696,1535746048,24
107.38262205399997,239.3,1539997696,1535746048,24
107.59555627099996,239.73999999999998,1563754496,1559502848,24
107.80523247299993,240.35000000000002,1521418240,1517166592,24
108.01499707699998,240.78,1521418240,1517166592,24
108.224749073,241.21,1521418240,1517178880,24
108.43392970799994,241.64,1521418240,1517178880,24
108.64319975799992,242.07,1521418240,1517178880,24
108.85246810499996,242.48999999999998,1563754496,1559515136,24
109.06215268899996,243.06,1521418240,1517195264,24
109.27351901399993,243.5,1521418240,1517195264,24
109.483902769,243.92000000000002,1521418240,1517195264,24
109.69384338599991,244.35,1521418240,1517195264,24
109.90368208099994,244.78,1521418240,1517195264,24
110.11626157799992,245.22,1521418240,1565835264,24
110.33036872999992,245.77,1521418240,1517195264,24
110.54741836899996,246.21,1521418240,1517195264,24
110.76471856599994,246.64999999999998,1521418240,1517195264,24
111.0009314749999,247.14,1521418240,1517174784,24
111.229763854,247.6,1521418240,1517174784,24
111.44406267499994,248.05,1521418240,1517195264,24
111.66571930199996,248.5,1521418240,1517195264,24
111.88773231699997,248.95000000000002,1521418240,1517195264,24
112.14064861700001,249.46999999999997,1521418240,1517195264,24
112.3598846939999,249.92,1521422336,1517170688,24
112.57304669999996,250.33,1521422336,1517170688,24
112.78626074499994,250.76,1521422336,1517170688,24
112.99929769199991,251.2,1521422336,1517170688,24
113.21243113499997,251.69,1529417728,1525166080,24
113.42360452699995,252.16,1529417728,1525166080,24
113.63363368899991,252.59,1529417728,1525166080,24
113.84330124999997,253.02,1529417728,1525166080,24
114.053043548,253.54000000000002,1529417728,1525166080,24
114.26720065999996,253.98000000000002,1529417728,1525166080,24
114.47688900200001,254.41,1529417728,1525178368,24
114.68734148199997,254.85,1553805312,1549565952,24
114.89798308699994,255.36,1553805312,1549565952,24
115.109250826,255.79,1553805312,1549582336,24
115.31877110999994,256.22,1553805312,1549582336,24
115.53453707799997,256.74,1554042880,1549819904,41
115.74404198399998,257.23,1553805312,1549582336,24
115.95390917399993,257.66,1553805312,1549582336,24
116.16421514599995,258.09,1553805312,1549582336,24
116.37416761099996,258.52,1553805312,1549582336,24
116.584943511,258.95,1553805312,1549582336,24
116.79497538999999,259.39,1563758592,1559535616,24
117.008564396,259.89,1540550656,1536229376,43
117.220933694,260.33,1540272128,1536000000,24
117.43311543899995,260.76,1540272128,1536000000,24
117.64546752499996,261.2,1540272128,1536020480,24
117.86762490399997,261.66,1540272128,1536020480,24
118.07766987699995,262.09,1540272128,1536020480,24
118.287634948,262.52,1540272128,1536020480,24
118.49742248299992,262.95,1540272128,1536020480,24
118.70729127999994,263.37,1540272128,1536020480,24
118.91671636199999,263.79,1540272128,1536032768,24
119.12658619000001,264.21999999999997,1540272128,1536032768,24
119.36065588299994,264.72,1540272128,1536032768,24
119.57062887299992,265.15999999999997,1540272128,1536032768,24
119.78061448099993,265.56,1540272128,1536049152,24
119.99089598499995,265.99,1540272128,1536049152,24
120.20051947699994,266.4,1542295552,1538072576,24
120.40981948000001,266.83,1562480640,1557012480,24
120.61959907799996,267.26,1583714304,1578176512,24
120.83002870999997,267.67,1533198336,1524781056,24
121.04045414099994,268.28000000000003,1542578176,1538355200,24
121.25018440899998,268.73,1542578176,1538355200,24
121.45943437799997,269.15,1542578176,1538355200,24
121.66858558199999,269.57,1542578176,1538334720,24
121.8779496379999,270.0,1542578176,1538334720,24
122.08771173299999,270.43,1566756864,1562533888,24
122.29760229299995,271.05,1540345856,1536122880,24
122.50701137699991,271.47,1540345856,1536122880,24
122.71639662399991,271.89,1540345856,1536122880,24
122.92564144999994,272.33,1540345856,1536122880,24
123.13548601999992,272.75,1540345856,1536122880,24
123.34977124699992,273.19,1573654528,1562533888,24
123.559115453,273.82,1540345856,1536122880,24
123.76934020599992,274.25,1540345856,1536122880,24
123.97874364099994,274.67,1540345856,1536122880,24
124.18885001699994,275.11,1540345856,1536122880,24
124.39863472799993,275.53999999999996,1540345856,1536122880,24
124.61127307599997,275.97,1579405312,1568505856,24
124.83249736899995,276.53,1540345856,1536122880,24
125.04867996600001,276.97,1540345856,1536122880,24
125.27323972799991,277.42,1540345856,1536122880,24
125.48955242099998,277.87,1540345856,1536122880,24
125.71029979999992,278.33,1540345856,1536122880,24
125.92510003699999,278.77,1540345856,1536122880,24
126.14215609099995,279.21000000000004,1540345856,1536122880,24
126.36157873799993,279.65000000000003,1540345856,1536122880,24
126.57743571399999,280.1,1540345856,1536122880,24
126.79947414999992,280.56,1540345856,1536122880,24
127.02318560799995,281.01,1540345856,1536122880,24
127.24078104499995,281.46,1540345856,1536122880,24
127.45141453499991,281.88,1540370432,1536118784,24
127.66189419699992,282.29,1540370432,1536118784,24
127.87300791899997,282.73,1540370432,1536118784,24
128.08312697999997,283.15999999999997,1540370432,1536118784,24
128.2936284829999,283.65999999999997,1540370432,1536118784,24
128.50463086599996,284.09000000000003,1540370432,1536118784,24
128.7162476059999,284.53000000000003,1540370432,1536118784,24
128.92916237399993,285.06,1540370432,1536118784,24
129.13901574399995,285.49,1540370432,1536118784,24
129.35076878999996,285.93,1540370432,1536147456,24
129.561224509,286.37,1540370432,1536131072,24
129.7719655379999,286.89,1556828160,1552588800,24
129.98210662199995,287.32,1556828160,1552588800,24
130.19463628899996,287.76,1556828160,1552605184,24
130.40452957499997,288.19,1556828160,1552605184,24
130.61406984299992,288.73,1556828160,1552605184,24
130.82439496099994,289.18,1556828160,1552605184,24
131.037232271,289.63,1556828160,1552605184,24
131.25007032299993,290.07000000000005,1556828160,1552605184,24
131.460101086,290.49,1556828160,1552605184,24
131.674223644,291.03000000000003,1564991488,1560739840,24
131.88848696499997,291.47,1564991488,1560739840,24
132.105547753,291.91,1564991488,1560739840,24
132.3275125739999,292.37,1564991488,1560719360,24
132.5577662789999,292.85,1564991488,1560719360,24
132.81898457499994,293.38,1564991488,1560739840,24
133.073399194,293.9,1564991488,1560739840,24
133.302779784,294.38,1564991488,1560739840,24
133.5225826049999,294.83000000000004,1564991488,1560739840,24
133.74205759699998,295.28000000000003,1564991488,1560752128,24
133.95353009099995,295.71,1564991488,1560752128,24
134.1639294969999,296.10999999999996,1564991488,1560752128,24
134.37410123999996,296.53999999999996,1564991488,1560768512,24
134.58376548799993,296.97,1564991488,1560768512,24
134.794840605,297.41,1564991488,1560739840,24
135.00615951499992,297.90999999999997,1564991488,1560739840,24
135.21700629199995,298.35,1564991488,1560739840,24
135.4335735809999,298.8,1564991488,1560739840,24
135.64352299999996,299.31,1564991488,1560739840,24
135.852889636,299.73999999999995,1564991488,1560739840,24
136.06191042,300.15999999999997,1564991488,1560739840,24
136.27228385399997,300.59000000000003,1564991488,1560739840,24
136.482000427,301.02,1564991488,1560719360,24
136.69493067099995,301.47,1564991488,1560719360,24
136.90526895199991,301.89,1564991488,1560752128,24
137.114769109,302.31,1564991488,1560752128,24
137.32422206399997,302.74,1564991488,1560752128,24
137.53440561699995,303.34,1564991488,1560752128,24
137.74471710799992,303.77,1564991488,1560768512,24
137.954609215,304.2,1564991488,1560768512,24
138.16445296999996,304.62,1564991488,1560768512,24
138.375091839,305.04999999999995,1564991488,1560768512,24
138.58609508799998,305.5,1564991488,1560768512,24
138.79755925099994,305.96999999999997,1540411392,1536159744,24
139.00684630199999,306.48,1540411392,1536159744,24
139.21812086399996,306.92,1540411392,1536159744,24
139.42868915199995,307.34,1540411392,1536159744,24
139.63809122099997,307.77,1540411392,1536139264,24
139.84951789799993,308.20000000000005,1540411392,1536139264,24
140.059795204,308.64,1540411392,1536159744,24
140.269720463,309.21,1540419584,1536167936,24
140.47880482999994,309.64,1540419584,1536167936,24
140.68780265099997,310.07,1540419584,1536167936,24
140.90271880599994,310.46000000000004,1540419584,1536180224,24
141.114247449,310.88,1540419584,1536180224,24
141.3260931389999,311.31,1570160640,1562591232,24
141.54644592699992,311.86,1540427776,1536204800,24
141.76788301399995,312.32,1540427776,1536204800,24
141.98396289899995,312.76,1540427776,1536204800,24
142.220723486,313.24,1540427776,1536204800,24
142.44436432099997,313.7,1540427776,1536204800,24
142.66322383699992,314.15,1540427776,1536204800,24
142.882151766,314.6,1540427776,1536204800,24
143.098784584,315.03999999999996,1540427776,1536204800,24
143.31865716799996,315.48999999999995,1540427776,1536204800,24
143.53596233999997,315.94,1540427776,1536184320,24
143.752272016,316.37,1540448256,1536176128,24
143.9636299,316.76,1540440064,1536188416,24
144.1734775399999,317.2,1540440064,1536188416,24
144.38290425599996,317.62,1540440064,1536188416,24
144.5925812549999,318.13,1540431872,1536180224,24
144.80214958499994,318.56,1540431872,1536180224,24
145.01203835699994,318.98999999999995,1540431872,1536180224,24
145.22190088999992,319.51,1540440064,1536188416,24
145.43118766499992,319.93,1540440064,1536188416,24
145.64088883499994,320.37,1540440064,1536208896,24
145.85045137099996,320.78999999999996,1540440064,1536200704,24
146.06000046199995,321.3,1556897792,1552658432,24
146.27043080099997,321.73999999999995,1556897792,1552658432,24
146.48417354599997,322.17,1556897792,1552674816,24
146.693452203,322.61,1556897792,1552674816,24
146.903490262,323.18,1556905984,1552683008,24
147.114622059,323.64,1556905984,1552683008,24
147.32711180899992,324.07,1556905984,1552683008,24
147.53712700199992,324.5,1556905984,1552683008,24
147.747842697,324.93,1556905984,1552683008,24
147.958271094,325.37,1566859264,1562636288,24
148.17723151099995,325.86,1540718592,1536409600,43
148.38732715599997,326.28,1540440064,1536167936,24
148.598383819,326.71000000000004,1540440064,1536167936,24
148.80759849499998,327.14000000000004,1540440064,1536167936,24
149.01757671199994,327.57,1540440064,1536188416,24
149.22740856899998,328.0,1540440064,1536188416,24
149.4382105379999,328.43,1540440064,1536188416,24
149.64761288699992,328.84,1540440064,1536188416,24
149.85755013199991,329.27,1540440064,1536188416,24
150.06713791099992,329.70000000000005,1540440064,1536208896,24
150.27660984599993,330.13,1540440064,1536200704,24
150.48641476199998,330.56,1541459968,1537220608,24
150.695678832,330.97,1541459968,1537220608,24
150.9062425049999,331.4,1544306688,1540083712,24
151.11620575299992,331.83,1544306688,1540083712,24
151.32622129999993,332.25,1549807616,1542930432,24
151.53670097199995,332.67,1615278080,1611055104,24
151.74638951099996,333.11,1616826368,1612603392,24
151.95837284999993,333.73,1555894272,1551683584,36
152.17034414599993,334.19,1555656704,1551433728,24
152.3810898239999,334.63,1555656704,1551433728,24
152.59150532399997,335.05999999999995,1555656704,1551433728,24
152.8012299579999,335.49,1555656704,1551413248,24
153.01098537199994,335.92,1555656704,1551413248,24
153.21983980899995,336.43,1543200768,1538928640,24
153.4299208939999,336.92,1543200768,1538949120,24
153.64434540999991,337.36,1543200768,1538949120,24
153.85499379099997,337.79,1543200768,1538949120,24
154.064249422,338.21,1543200768,1538949120,24
154.2768161859999,338.65,1543200768,1538949120,24
154.50267392699993,339.2,1543426048,1539125248,41
154.713043708,339.73999999999995,1543200768,1538949120,24
154.92604671999993,340.17,1543200768,1538949120,24
155.13853244199993,340.6,1543200768,1538961408,24
155.3515082419999,341.04,1543200768,1538961408,24
155.56447406299992,341.47999999999996,1543200768,1538961408,24
155.777262641,341.96,1543204864,1538965504,24
155.99736170899996,342.46999999999997,1543204864,1538981888,24
156.2502497979999,343.0,1543204864,1538981888,24
156.5859132029999,343.69,1543204864,1538981888,24
156.82827310799996,344.15,1543204864,1538981888,24
157.06903173199998,344.68,1543204864,1538981888,24
157.31037733199992,345.17,1543204864,1538981888,24
157.550271082,345.64,1543204864,1538961408,24
157.80535769199992,346.17999999999995,1543204864,1538961408,24
158.22191398999996,346.97999999999996,1543204864,1538981888,24
158.540183629,347.71000000000004,1543204864,1538981888,24
158.75551091699992,348.14,1543204864,1538981888,24
158.97352781099994,348.58,1543204864,1538981888,24
159.18412780199992,349.02,1543204864,1538953216,24
159.19409335399996,349.03,1543188480,1538936832,23
